title,link
An Giang,https://gody.vn/chau-a/viet-nam/an-giang
Bình Dương,https://gody.vn/chau-a/viet-nam/binh-duong
Bình Định,https://gody.vn/chau-a/viet-nam/binh-dinh
Bà Rịa Vũng Tàu,https://gody.vn/chau-a/viet-nam/ba-ria-vung-tau
Bình Phước,https://gody.vn/chau-a/viet-nam/binh-phuoc
Bình Thuận,https://gody.vn/chau-a/viet-nam/binh-thuan
Bến Tre,https://gody.vn/chau-a/viet-nam/ben-tre
Bắc Ninh,https://gody.vn/chau-a/viet-nam/bac-ninh
Bạc Liêu,https://gody.vn/chau-a/viet-nam/bac-lieu
Bắc Kạn,https://gody.vn/chau-a/viet-nam/bac-kan
Bắc Giang,https://gody.vn/chau-a/viet-nam/bac-giang
Cà Mau,https://gody.vn/chau-a/viet-nam/ca-mau
Cần Thơ,https://gody.vn/chau-a/viet-nam/can-tho
Cao Bằng,https://gody.vn/chau-a/viet-nam/cao-bang
Đồng Nai,https://gody.vn/chau-a/viet-nam/dong-nai
Điện Biên,https://gody.vn/chau-a/viet-nam/dien-bien
Đắk Nông,https://gody.vn/chau-a/viet-nam/dak-nong
Đắk Lắk,https://gody.vn/chau-a/viet-nam/dak-lak
Đà Nẵng,https://gody.vn/chau-a/viet-nam/da-nang
Đồng Tháp,https://gody.vn/chau-a/viet-nam/dong-thap
Gia Lai,https://gody.vn/chau-a/viet-nam/gia-lai
Hải Phòng,https://gody.vn/chau-a/viet-nam/hai-phong
Hậu Giang,https://gody.vn/chau-a/viet-nam/hau-giang
Hồ Chí Minh,https://gody.vn/chau-a/viet-nam/ho-chi-minh
Hòa Bình,https://gody.vn/chau-a/viet-nam/hoa-binh
Hưng Yên,https://gody.vn/chau-a/viet-nam/hung-yen
Hà Giang,https://gody.vn/chau-a/viet-nam/ha-giang
Hà Nam,https://gody.vn/chau-a/viet-nam/ha-nam
Hải Dương,https://gody.vn/chau-a/viet-nam/hai-duong
Hà Nội,https://gody.vn/chau-a/viet-nam/ha-noi
Hà Tĩnh,https://gody.vn/chau-a/viet-nam/ha-tinh
Khánh Hòa,https://gody.vn/chau-a/viet-nam/khanh-hoa
Kiên Giang,https://gody.vn/chau-a/viet-nam/kien-giang
Kon Tum,https://gody.vn/chau-a/viet-nam/kon-tum
Lào Cai,https://gody.vn/chau-a/viet-nam/lao-cai
Lai Châu,https://gody.vn/chau-a/viet-nam/lai-chau
Lâm Đồng,https://gody.vn/chau-a/viet-nam/lam-dong
Lạng Sơn,https://gody.vn/chau-a/viet-nam/lang-son
Long An,https://gody.vn/chau-a/viet-nam/long-an
Ninh Bình,https://gody.vn/chau-a/viet-nam/ninh-binh
Ninh Thuận,https://gody.vn/chau-a/viet-nam/ninh-thuan
Nghệ An,https://gody.vn/chau-a/viet-nam/nghe-an
Nam Định,https://gody.vn/chau-a/viet-nam/nam-dinh
Phú Thọ,https://gody.vn/chau-a/viet-nam/phu-tho
Phú Yên,https://gody.vn/chau-a/viet-nam/phu-yen
Quảng Ngãi,https://gody.vn/chau-a/viet-nam/quang-ngai
Quảng Bình,https://gody.vn/chau-a/viet-nam/quang-binh
Quảng Nam,https://gody.vn/chau-a/viet-nam/quang-nam
Quảng Ninh,https://gody.vn/chau-a/viet-nam/quang-ninh
Quảng Trị,https://gody.vn/chau-a/viet-nam/quang-tri
Sóc Trăng,https://gody.vn/chau-a/viet-nam/soc-trang
Sơn La,https://gody.vn/chau-a/viet-nam/son-la
Tây Ninh,https://gody.vn/chau-a/viet-nam/tay-ninh
Thanh Hóa,https://gody.vn/chau-a/viet-nam/thanh-hoa
Thái Bình,https://gody.vn/chau-a/viet-nam/thai-binh
Tuyên Quang,https://gody.vn/chau-a/viet-nam/tuyen-quang
Trà Vinh,https://gody.vn/chau-a/viet-nam/tra-vinh
Tiền Giang,https://gody.vn/chau-a/viet-nam/tien-giang
Thừa Thiên Huế,https://gody.vn/chau-a/viet-nam/thua-thien-hue
Thái Nguyên,https://gody.vn/chau-a/viet-nam/thai-nguyen
Vĩnh Phúc,https://gody.vn/chau-a/viet-nam/vinh-phuc
Vĩnh Long,https://gody.vn/chau-a/viet-nam/vinh-long
Yên Bái,https://gody.vn/chau-a/viet-nam/yen-bai
Afghanistan,https://gody.vn/chau-a/afghanistan
Armenia,https://gody.vn/chau-a/armenia
Bangladesh,https://gody.vn/chau-a/bangladesh
Bhutan,https://gody.vn/chau-a/bhutan
Brunei,https://gody.vn/chau-a/brunei
Campuchia,https://gody.vn/chau-a/campuchia
Hong Kong,https://gody.vn/chau-a/hong-kong
Ấn Độ,https://gody.vn/chau-a/india-an-do
Indonesia,https://gody.vn/chau-a/indonesia
Iran,https://gody.vn/chau-a/iran
Iraq,https://gody.vn/chau-a/iraq
Israel,https://gody.vn/chau-a/israel
Nhật Bản,https://gody.vn/chau-a/Japan
Jordan,https://gody.vn/chau-a/jordan
Kazakhstan,https://gody.vn/chau-a/kazakhstan
Kuwait,https://gody.vn/chau-a/kuwait
Kyrgyzstan,https://gody.vn/chau-a/kyrgyzstan
Lào,https://gody.vn/chau-a/lao
Macau (Ma cao),https://gody.vn/chau-a/macau
Malaysia,https://gody.vn/chau-a/malaysia
Maldives,https://gody.vn/chau-a/maldives
Mông Cổ,https://gody.vn/chau-a/mongolia
Myanmar,https://gody.vn/chau-a/myanmar
Nepal,https://gody.vn/chau-a/nepal
Oman,https://gody.vn/chau-a/oman
Pakistan,https://gody.vn/chau-a/pakistan
Palestine,https://gody.vn/chau-a/palestine
Philippines,https://gody.vn/chau-a/philippines
Qatar,https://gody.vn/chau-a/qatar
Ả Rập Xê-út,https://gody.vn/chau-a/saudi-arabia
Singapore,https://gody.vn/chau-a/singapore
Hàn Quốc,https://gody.vn/chau-a/south-korea
Sri Lanka,https://gody.vn/chau-a/sri-lanka
Syria,https://gody.vn/chau-a/syria
Đài Loan,https://gody.vn/chau-a/taiwan
Tajikistan,https://gody.vn/chau-a/tajikistan
Tibet (Tây Tạng),https://gody.vn/chau-a/tay-tang
Thái Lan,https://gody.vn/chau-a/thailand
Timor-Leste (Đông Timor),https://gody.vn/chau-a/timor-leste
Triều Tiên,https://gody.vn/chau-a/trieu-tien
Trung Quốc,https://gody.vn/chau-a/trung-quoc
Thổ Nhĩ Kỳ,https://gody.vn/chau-a/turkey
United Arab Emirates (UAE),https://gody.vn/chau-a/united-arab-emirates
Uzbekistan,https://gody.vn/chau-a/uzbekistan
Việt Nam,https://gody.vn/chau-a/viet-nam
Yemen,https://gody.vn/chau-a/yemen
Albania,https://gody.vn/chau-au/albania
Andorra,https://gody.vn/chau-au/andorra
Azerbaijan,https://gody.vn/chau-au/azerbaijan
Belarus,https://gody.vn/chau-au/belarus
Bosnia & Herzegovina,https://gody.vn/chau-au/bosnia-and-herzegovina
Bulgaria,https://gody.vn/chau-au/bulgaria
Croatia,https://gody.vn/chau-au/croatia
Cyprus (Đảo Síp),https://gody.vn/chau-au/cyprus
Czech (Séc),https://gody.vn/chau-au/czech-republic
Đan Mạch,https://gody.vn/chau-au/Denmark
Estonia,https://gody.vn/chau-au/estonia
Phần Lan,https://gody.vn/chau-au/finland
Pháp,https://gody.vn/chau-au/france-phap
Georgia,https://gody.vn/chau-au/georgia
Đức,https://gody.vn/chau-au/germany-duc
Hungary,https://gody.vn/chau-au/hungary
Hy Lạp,https://gody.vn/chau-au/hy-lap
Iceland,https://gody.vn/chau-au/iceland
Ireland,https://gody.vn/chau-au/ireland
Italia (Ý),https://gody.vn/chau-au/italia-y
Kosovo,https://gody.vn/chau-au/kosovo
Latvia,https://gody.vn/chau-au/latvia
Liechtenstein,https://gody.vn/chau-au/liechtenstein
Lithuania,https://gody.vn/chau-au/lithuania
Luxembourg,https://gody.vn/chau-au/luxembourg
Macedonia,https://gody.vn/chau-au/macedonia
Malta,https://gody.vn/chau-au/malta
Moldova,https://gody.vn/chau-au/moldova
Monaco,https://gody.vn/chau-au/monaco
Montenegro,https://gody.vn/chau-au/montenegro
Hà Lan,https://gody.vn/chau-au/netherlands
Nauy,https://gody.vn/chau-au/norway
Ba Lan,https://gody.vn/chau-au/poland
Bồ Đào Nha,https://gody.vn/chau-au/portugal
Romania,https://gody.vn/chau-au/romania
Liên bang Nga,https://gody.vn/chau-au/russia
San Marino,https://gody.vn/chau-au/san-marino
Serbia,https://gody.vn/chau-au/serbia
Slovakia,https://gody.vn/chau-au/slovakia
Slovenia,https://gody.vn/chau-au/slovenia
Tây Ban Nha,https://gody.vn/chau-au/spain-tay-ban-nha
Thuỵ Điển,https://gody.vn/chau-au/sweden
Thụy Sĩ,https://gody.vn/chau-au/thuy-si
Ukraine,https://gody.vn/chau-au/ukraine
Anh Quốc (England),https://gody.vn/chau-au/united-kingdom
Vương Quốc Anh,https://gody.vn/chau-au/united-kingdom-vuong-quoc-anh
Vatican,https://gody.vn/chau-au/vatican
Anguilla,https://gody.vn/chau-my/anguilla
Antigua & Barbuda,https://gody.vn/chau-my/antigua-va-barbuda
Argentina,https://gody.vn/chau-my/argentina
Aruba,https://gody.vn/chau-my/aruba
Bahamas,https://gody.vn/chau-my/bahamas
Barbados,https://gody.vn/chau-my/barbados
Belize,https://gody.vn/chau-my/belize
Bermuda,https://gody.vn/chau-my/bermuda
Bolivia,https://gody.vn/chau-my/bolivia
Brazil,https://gody.vn/chau-my/brasil
Canada,https://gody.vn/chau-my/canada
Chile,https://gody.vn/chau-my/chile
Colombia,https://gody.vn/chau-my/colombia
Costa Rica,https://gody.vn/chau-my/costa-rica
Cuba,https://gody.vn/chau-my/cuba
Curaçao,https://gody.vn/chau-my/curacao
Dominica,https://gody.vn/chau-my/dominicana
Ecuador,https://gody.vn/chau-my/ecuador
El Salvador,https://gody.vn/chau-my/el-salvador
Grenada,https://gody.vn/chau-my/grenada
Guadeloupe,https://gody.vn/chau-my/guadeloupe
Guatemala,https://gody.vn/chau-my/guatemala
Guyana,https://gody.vn/chau-my/guyana
Guyane,https://gody.vn/chau-my/guyane
Haiti,https://gody.vn/chau-my/haiti
Honduras,https://gody.vn/chau-my/honduras
Jamaica,https://gody.vn/chau-my/jamaica
Martinique,https://gody.vn/chau-my/martinique
Mexico,https://gody.vn/chau-my/mexico
Montserrat,https://gody.vn/chau-my/montserrat
Nicaragua,https://gody.vn/chau-my/nicaragua
Panama,https://gody.vn/chau-my/panama
Paraguay,https://gody.vn/chau-my/paraguay
Peru,https://gody.vn/chau-my/peru
Puerto Rico,https://gody.vn/chau-my/puerto-rico
Quần đảo Cayman,https://gody.vn/chau-my/quan-dao-cayman
Quần đảo Falkland,https://gody.vn/chau-my/quan-dao-falkland
Quần đảo Turks & Caicos,https://gody.vn/chau-my/quan-dao-turks-va-caicos
Quần đảo Virgin,https://gody.vn/chau-my/quan-dao-virgin
Saint Kitts & Nevis,https://gody.vn/chau-my/saint-kitts-va-nevis
Saint Lucia,https://gody.vn/chau-my/saint-lucia
Saint Vincent & The Grenadines,https://gody.vn/chau-my/saint-vincent-va-the-grenadines
Sint Maarten,https://gody.vn/chau-my/sint-maarten
Suriname,https://gody.vn/chau-my/suriname
Trinidad & Tobago,https://gody.vn/chau-my/trinidad-va-tobago
"USA (Mỹ, Hoa Kỳ)",https://gody.vn/chau-my/united-states-of-america-my
Uruguay,https://gody.vn/chau-my/uruguay
Venezuela,https://gody.vn/chau-my/venezuela
New Zealand,https://gody.vn/chau-dai-duong/new-zealand
Australia (Úc),https://gody.vn/chau-dai-duong/uc
Ai Cập,https://gody.vn/chau-phi/ai-cap
Algeria,https://gody.vn/chau-phi/algeria
Angola,https://gody.vn/chau-phi/angola
Benin,https://gody.vn/chau-phi/benin
Bờ Biển Ngà,https://gody.vn/chau-phi/bo-bien-nga
Botswana,https://gody.vn/chau-phi/botswana
Burkina Faso,https://gody.vn/chau-phi/burkina-faso
Burundi,https://gody.vn/chau-phi/burundi
Cameroon,https://gody.vn/chau-phi/cameroon
Chad,https://gody.vn/chau-phi/chad
Comoros,https://gody.vn/chau-phi/comoros
Cộng hòa Congo,https://gody.vn/chau-phi/cong-hoa-congo
Cộng hòa Dân chủ Congo,https://gody.vn/chau-phi/cong-hoa-dan-chu-congo
Cộng hòa Trung Phi,https://gody.vn/chau-phi/cong-hoa-trung-phi
Eritrea,https://gody.vn/chau-phi/eritrea
Eswatini,https://gody.vn/chau-phi/eswatini
Ethiopia,https://gody.vn/chau-phi/ethiopia
Gabon,https://gody.vn/chau-phi/gabon
Gambia,https://gody.vn/chau-phi/gambia
Ghana,https://gody.vn/chau-phi/ghana
Guinea-Bissau,https://gody.vn/chau-phi/guinea-bissau
Guinea Xích đạo,https://gody.vn/chau-phi/guinea-xich-dao
Kenya,https://gody.vn/chau-phi/kenya
Lesotho,https://gody.vn/chau-phi/lesotho
Liberia,https://gody.vn/chau-phi/liberia
Libya,https://gody.vn/chau-phi/libya
Madagascar,https://gody.vn/chau-phi/madagascar
Malawi,https://gody.vn/chau-phi/malawi
Mali,https://gody.vn/chau-phi/mali
Maroc,https://gody.vn/chau-phi/maroc
Mauritania,https://gody.vn/chau-phi/mauritania
Mauritius,https://gody.vn/chau-phi/mauritius
Mayotte,https://gody.vn/chau-phi/mayotte
Mozambique,https://gody.vn/chau-phi/mozambique
Nam Phi,https://gody.vn/chau-phi/nam-phi
Nam Sudan,https://gody.vn/chau-phi/nam-sudan
Namibia,https://gody.vn/chau-phi/namibia
Niger,https://gody.vn/chau-phi/niger
Nigeria,https://gody.vn/chau-phi/nigeria
Rwanda,https://gody.vn/chau-phi/rwanda
Senegal,https://gody.vn/chau-phi/senegal
Seychelles,https://gody.vn/chau-phi/seychelles
Sierra Leone,https://gody.vn/chau-phi/sierra-leone
Somalia,https://gody.vn/chau-phi/somalia
Sudan,https://gody.vn/chau-phi/sudan
Tanzania,https://gody.vn/chau-phi/tanzania
Togo,https://gody.vn/chau-phi/togo
Tunisia,https://gody.vn/chau-phi/tunisia
Uganda,https://gody.vn/chau-phi/uganda
Zambia,https://gody.vn/chau-phi/zambia
Zimbabwe,https://gody.vn/chau-phi/zimbabwe
